CompanyId;Name;Email
1;Karen Monroe;tonywallace@lester.com
1;Jennifer Williams;hannahchavez@yahoo.com
1;Robert Myers;jose13@gmail.com
1;Marvin Brooks;welchsteven@yahoo.com
1;Paula Wilson;reidadam@yahoo.com
1;Anthony Webster;kenneth08@gmail.com
2;Steven Ball;blankenshipscott@thomas.com
2;Kurt Oconnor;steveevans@fowler.com
2;Jeremiah Gallagher;jonathan19@gmail.com
2;Jose Kim;stephenday@lowe.com
2;Mr. Douglas Brooks;sarah36@schultz.org
3;Catherine Harmon;kevinschultz@peters.info
3;Darrell Jackson;penasean@gmail.com
3;Tammy Arias;wilsonvanessa@yahoo.com
3;William Obrien;karenhuynh@yahoo.com
3;Annette Jackson;kgonzalez@moore-brown.biz
4;Frank Anderson;kerramanda@mcclure.org
4;Jason Brown;perezdaniel@yahoo.com
4;Brianna Duran;lindsay46@gmail.com
4;Rachel Smith;faithwilliams@campbell-morris.info
4;William Ward;jjackson@gmail.com
4;James Robinson;jonesmercedes@yahoo.com
4;Michael Lawrence;monicabuck@hill-knapp.com
5;Pamela Long;alexis48@thompson-gross.com
5;Joe Moore;fhoward@stone.net
5;Brenda Lawrence;baileyharold@hotmail.com
5;Jeffrey Smith;rmartinez@yahoo.com
5;Catherine Williams;millersarah@hotmail.com
5;Mark Ortiz;catherine64@hotmail.com
5;Maria Parrish;patrickaudrey@leonard-rojas.com
5;Stacy Hill;carla09@gmail.com
5;James Miller;larrytanner@gmail.com
5;Diane Ruiz;stevenwebb@wright-watson.com
6;Carol Hughes;jesse17@daniel.com
6;James White;kcollins@gmail.com
6;Julie Heath DDS;fkrueger@young-cruz.biz
6;Christopher Mcgee;saustin@salas-diaz.com
6;Tammy Cain DVM;brooke94@giles.org
6;Eric Hardy;matthew14@west.com
7;Anthony Cox;trodriguez@gmail.com
7;Douglas Miller;cquinn@gmail.com
7;Tyler Davis;morriskatie@richards-reed.com
7;David Hamilton;nguyenmelanie@anderson-hood.biz
7;James Brown;johnward@yahoo.com
7;Regina Nelson;laura17@johnson.com
7;Tiffany Harrison;bwhite@gmail.com
8;Julie Park;juliewilliams@yahoo.com
8;Christina Moran;eric34@lopez.info
8;Natalie Hoffman DDS;seanreed@young-perry.com
8;Teresa Walton;jodijohnson@reese-smith.com
8;Ashley Stewart;jim06@yahoo.com
8;Jane Clark;miguel78@gmail.com
9;Deanna Mendez;pattersonjulie@pierce.info
9;Gina Moody MD;oharris@davis.biz
9;Nancy Wood;hrichard@yahoo.com
9;Brenda Cox;jacob56@hotmail.com
9;Brett Farmer;singletonjordan@gmail.com
9;Alexandra Johnson;alyssa77@anderson.com
10;Jordan Reid;frank72@yahoo.com
10;Margaret Hunter;bakermegan@hunter-king.com
10;Eugene Jones;mhart@gmail.com
10;Rebecca Campos;amyalvarez@chambers.biz
10;Garrett Hurley;hramirez@gmail.com
11;David Cardenas;amanda28@santos.biz
11;Wendy Brown;kimberly63@gmail.com
11;Kimberly Mills;jameshaley@smith-potts.info
11;Pamela Simon;ifritz@yahoo.com
11;Tami Kim;ryanlisa@hotmail.com
11;Hannah Ray;austinfox@berg-graham.com
11;Angela Grimes;wking@yahoo.com
11;Caleb Phillips;imartinez@gilbert.com
11;Travis Taylor;darius51@gmail.com
11;Ashley Johnson;michaelrodriguez@chandler-vega.com
12;Joshua Brown;julie05@hotmail.com
12;Wendy Alexander;dneal@espinoza.org
12;Omar Cooke;stevensmith@hotmail.com
12;Jessica Wilson;klopez@gmail.com
12;Morgan Green;ulozano@jacobson.com
12;James Stuart;hbrown@rodriguez-good.biz
12;Susan Mcclure;acompton@gmail.com
12;Dawn Fritz;laurabenson@guzman-bryant.biz
12;Richard Mays;davisbrett@allen-hudson.com
12;John Norton;kennedytheresa@walters.net
13;Allison Bates;fsalinas@smith-roberts.org
13;Laurie Kramer;walterssylvia@smith.biz
13;Jessica Fisher;aallen@hobbs.com
13;Adam Kaiser;yatesjeffrey@munoz.com
13;Kathy Barr;amber48@gmail.com
13;Heather Dixon;paulkelly@black-coffey.com
13;Kimberly Brown;mary08@rivas.com
14;Ricky Alexander;allenlouis@hotmail.com
14;Brian Brown;alfred22@santiago.com
14;Amanda Stewart;psmith@yahoo.com
14;Courtney Vance;vanessa98@riley-figueroa.com
14;Nancy Turner;paulabrown@gmail.com
14;Julie Johnson;barrypearson@figueroa.com
15;Latoya York;ballardstephanie@yahoo.com
15;Yvonne Evans;darrell11@vaughn.org
15;Gabriel Davis;wanderson@santiago.com
15;Victor Andrews;maxwellrussell@yahoo.com
15;Monique Obrien;kim11@yahoo.com
15;Justin Jones;mjackson@hotmail.com
15;Rachel Duncan;kjackson@robinson.com
15;Michelle Harris;hamiltonkimberly@gmail.com
