Name;Address
Howard, Bullock and Turner;2573 Elizabeth Prairie Apt. 736, Taylorfort, WV 17406
Hughes, Parks and Horton;2899 Anthony Dale, East Seanside, IL 98673
Simon, Morris and Carpenter;359 Lisa Lodge Apt. 687, Juliehaven, UT 16083
Harris PLC;23154 Kimberly Via Apt. 654, East Michellechester, VT 06389
Ochoa-Shah;32978 Rebecca Valley Suite 414, Jeremychester, SC 17890
Marquez-Campbell;7507 Ronald Highway, Philipport, AK 00720
Cole-Carter;5590 Hannah Haven Suite 417, East Carriefurt, NE 44167
Gonzalez, Martin and Russell;USS Baker, FPO AP 82626
Patrick, Jenkins and Walton;9871 Rowe Plains, Briannafort, SD 24299
Burch Inc;5487 Adams Inlet Apt. 771, East Williammouth, DE 48362
Smith PLC;6856 Joshua Court Suite 910, Derekton, TX 44230
Fernandez, Moran and Stewart;7567 Wright Stream Apt. 570, Karenberg, LA 41634
Wright-Wheeler;224 Emily Way, Port Christine, NJ 68886
Middleton, Sosa and Blankenship;42784 Lisa Rapids Suite 430, Ginaburgh, AL 52396
Thompson-Richmond;6894 Bradley Glens Apt. 783, Davidborough, OK 67037
