CompanyId;FirstName;LastName;Email
1;Robert;Sutton;michael90@yahoo.com
1;Jessica;Allen;saraconley@hotmail.com
1;Theodore;Smith;tgarcia@payne.org
1;Annette;Rodriguez;ophillips@hotmail.com
1;Angela;Kelly;tmitchell@burgess.biz
1;Jason;Jones;andrewarnold@estrada.net
1;George;Stewart;danielsjeffrey@gmail.com
2;Ellen;Reed;ycarr@allen-frank.biz
2;Amanda;Butler;kristina19@jones.com
2;Brandi;Booker;greenamy@yahoo.com
2;Mary;Cisneros;jhanson@knight-robles.net
2;Matthew;Hancock;williamcarney@leach.com
2;Travis;White;samuelashley@gmail.com
2;Tracey;Levy;cwood@griffith.info
2;Karen;Walker;huntbriana@jordan.com
3;Debbie;Vazquez;taylorsabrina@hotmail.com
3;Nancy;Moore;carlossims@mendoza-perez.com
3;Stephen;Brown;martinmolly@molina.org
3;Rebecca;Patel;nancymcgrath@gmail.com
3;Stephen;Coleman;shanemalone@osborne.com
4;Lisa;Price;marcuslutz@hotmail.com
4;Veronica;Shaffer;richardestrada@smith.com
4;Robert;Miller;lewismark@johnson-malone.com
4;George;Davis;hernandezroy@gmail.com
5;Dawn;Stewart;nicole34@graham.com
5;Ryan;Turner;glara@gmail.com
5;Brian;Randall;shelleywilliams@hotmail.com
5;Timothy;Houston;jonathantaylor@hotmail.com
6;Debra;Berger;margaret90@pacheco-jackson.biz
6;Jessica;Fry;yreynolds@hotmail.com
6;William;Montes;barnesseth@yahoo.com
6;Meghan;Duffy;holmessteven@waters.com
7;Megan;Carpenter;karen93@hotmail.com
7;Michael;Williamson;mross@hotmail.com
7;Alyssa;Ware;kcrawford@gmail.com
7;John;Estrada;madison27@charles.org
7;Andrew;Wright;dmcdowell@yahoo.com
7;Steven;Reeves;dwilkinson@cooper-jacobs.com
7;Matthew;Johnson;lloydpaul@yahoo.com
7;Michele;Cantrell;matthewhardy@singh.com
8;Abigail;Walsh;blackpaige@patterson-bell.com
8;Sarah;Wong;jessicanguyen@yahoo.com
8;Christina;Gibson;nguyenjenna@meyer-snyder.biz
8;Alexander;Lewis;robertoanderson@gmail.com
8;Janice;Rodriguez;manningdavid@watts.com
8;Jennifer;Robinson;nicholaslopez@chambers.com
9;Emily;Allen;christopherthompson@yahoo.com
9;Amanda;Hansen;kennedyjessica@gmail.com
9;Trevor;Meyer;danielle18@hotmail.com
9;Sarah;Holloway;victornavarro@hotmail.com
9;Thomas;Daniels;christopherwells@garcia-gonzalez.net
9;Diana;Mccullough;yolanda25@yahoo.com
10;Kayla;Hopkins;courtney20@strickland.com
10;Dawn;Munoz;dhart@gmail.com
10;James;Clark;andrew80@pearson-smith.com
10;Noah;White;andrea00@hotmail.com
10;Elizabeth;Gordon;matthewmiller@hotmail.com
10;Gilbert;Boone;sthompson@hotmail.com
10;Kevin;Wiggins;danielwalker@walls.info
11;Ryan;Brown;eileenwest@gmail.com
11;Katherine;Walker;fwelch@cox.com
11;Jessica;Ferguson;paula99@crawford-burton.biz
11;Sarah;Davis;gregory39@gmail.com
11;Lori;Schultz;ariel58@cortez-matthews.com
11;Rebecca;Tucker;ffrederick@edwards.biz
12;Ronnie;Bryan;anthonyrogers@bradley-miles.com
12;Bernard;Scott;robertsstanley@wallace.com
12;James;Charles;joshua10@yahoo.com
12;Travis;Green;nathan95@gmail.com
12;Brenda;Sanford;antoniopatton@hotmail.com
12;Kristen;Webster;evansgeoffrey@stevenson.net
12;Kimberly;Park;shane53@gmail.com
13;Joseph;Johnson;kimberlymoran@lopez.com
13;George;Fox;tarawyatt@montoya.com
13;Jennifer;Cooley;dawnvasquez@rodriguez.net
13;Michael;Johnson;romerogarrett@hotmail.com
13;Loretta;Brady;chelseasanders@barnett-jimenez.com
13;Samantha;Wilson;blairapril@yahoo.com
14;Gina;Edwards;kwatson@estrada-willis.biz
14;Tony;Phillips;xbailey@yahoo.com
14;Phyllis;Lewis;bryan54@hotmail.com
14;Carla;Morris;amber40@hotmail.com
15;Daniel;Barton;hschwartz@dunlap.com
15;Vanessa;Lopez;amanda20@martin.com
15;James;Smith;howellmonica@yahoo.com
15;Benjamin;Garcia;ndavis@gmail.com
15;Melinda;Campos;nschaefer@simmons-murphy.com
